,bytes_in,bytes_out,duration_seconds
count,282.0,282.0,282.0
mean,1199390.1914893617,84554.29078014185,600.0
std,4149311.993486674,254927.89919479674,0.0
min,40.0,44.0,600.0
25%,5381.5,11142.0,600.0
50%,13182.0,13799.5,600.0
75%,30833.0,26279.5,600.0
max,25207794.0,1561220.0,600.0
